mae,rmse,r2
0.20344222594052913,0.25032891035060734,0.18875791025201705
