mae,rmse,r2
0.2203973174104026,0.2621000754816357,0.11067039615976748
