mae,rmse,r2
0.20170896825407109,0.24972090244408507,0.19269387276198635
