mae,rmse,r2
0.20514775341937638,0.2515335369123331,0.18093144624496826
