mae,rmse,r2
0.25835446726524663,0.300251561673422,0.12031238527554
