mae,rmse,r2
0.2460524165537128,0.29304614285777725,0.16202715254633948
