mae,rmse,r2
0.24858006582541023,0.2935850622981238,0.15894221100450512
