mae,rmse,r2
0.24556874885923574,0.2918640802776636,0.1687737936676218
