mae,rmse,r2
0.37268192938862216,0.40109355505345784,0.11582218765548269
