mae,rmse,r2
0.3530104006907367,0.38853791048578645,0.17031154730236675
