mae,rmse,r2
0.3694146447859892,0.39688209983976824,0.1342923228232893
