mae,rmse,r2
0.3542167675986726,0.38714485232681817,0.17625038742792398
