mae,rmse,r2
0.19840335590024238,0.2478594289410629,0.1984846126487836
