mae,rmse,r2
0.21784055089643692,0.2601987442267616,0.11669362015012708
