mae,rmse,r2
0.20253076516758398,0.25020350428466104,0.18325261852822938
