mae,rmse,r2
0.1998523303333366,0.2484029846512599,0.1949653115860258
