mae,rmse,r2
0.2436130033892857,0.2897701048570515,0.1741620679434256
