mae,rmse,r2
0.2561720131601393,0.29855555909309706,0.12332626525552215
