mae,rmse,r2
0.24665264622119787,0.2918447910353415,0.16229412074510952
