mae,rmse,r2
0.2437125825532104,0.29100335595609644,0.1671176365372672
