mae,rmse,r2
0.37039509543498866,0.39891388266947747,0.13257229400017712
