mae,rmse,r2
0.373298700310858,0.40284783829352494,0.11537936923315406
