mae,rmse,r2
0.3541677616094047,0.38972124278206904,0.1720899660124331
