mae,rmse,r2
0.3560091683160869,0.3880688292261067,0.1790957401701705
