mae,rmse,r2
0.20517107328237147,0.2515477130493101,0.18083912014522208
