mae,rmse,r2
0.20168175813058561,0.2497018410307355,0.19281711281386416
