mae,rmse,r2
0.22035483013794074,0.26206058952218486,0.11093833494198235
