mae,rmse,r2
0.20340881190267981,0.25029179298149323,0.18899846528567998
