mae,rmse,r2
0.24553193759682249,0.2918071131782764,0.16909824554702202
