mae,rmse,r2
0.258247919028218,0.3001222056379759,0.1210702057457782
