mae,rmse,r2
0.24856043858915045,0.2935237576573791,0.15929342343947206
