mae,rmse,r2
0.2460120878534896,0.29297677390677557,0.16242383012576567
