mae,rmse,r2
0.3726662777849588,0.40104761447416637,0.11602472052658686
