mae,rmse,r2
0.354161929271771,0.38709560753429,0.17645993586213993
