mae,rmse,r2
0.36933155351088903,0.3968093099950111,0.13460984255456143
