mae,rmse,r2
0.3529973640076494,0.3885135606351093,0.17041553796236375
