best_marginal_likelihood,mae,rmse,r2
-8329.504626412287,0.29602992394411876,0.3382378124660672,0.06188425389151675
