mae,rmse,r2
0.2954499019190823,0.3378168657482845,0.0642178251214781
