best_marginal_likelihood,mae,rmse,r2
-8378.669036860996,0.3024757476113122,0.34341168353162493,0.032964883637777276
