best_marginal_likelihood,mae,rmse,r2
-8333.674679893362,0.29702626274220123,0.3389811741445529,0.0577562375662064
