mae,rmse,r2
0.2970262627422012,0.3389811741445529,0.0577562375662064
