mae,rmse,r2
0.2960299239441187,0.3382378124660672,0.0618842538915167
