mae,rmse,r2
0.3024757476113122,0.3434116835316249,0.0329648836377772
