best_marginal_likelihood,mae,rmse,r2
-8315.42302464798,0.2954499019190823,0.33781686574828457,0.06421782512147811
