mae,rmse,r2
0.2983404003501367,0.3397434840479235,0.0528041457005161
