best_marginal_likelihood,mae,rmse,r2
-8384.804635660015,0.30413258159986045,0.34430057407062015,0.027223635688603642
