best_marginal_likelihood,mae,rmse,r2
-8335.755287832242,0.2976579790660253,0.339190434210416,0.055885412405187296
