mae,rmse,r2
0.2976579790660253,0.339190434210416,0.0558854124051872
