best_marginal_likelihood,mae,rmse,r2
-8342.048012070129,0.29834040035013676,0.33974348404792354,0.05280414570051617
