mae,rmse,r2
0.3041325815998604,0.3443005740706201,0.0272236356886036
