best_marginal_likelihood,mae,rmse,r2
-8324.649569065019,0.296997988486566,0.33855427821885314,0.05942348937152886
