mae,rmse,r2
0.296997988486566,0.3385542782188531,0.0594234893715288
