mae,rmse,r2
0.19987809580216884,0.24843501216275551,0.19475770602976472
