mae,rmse,r2
0.21787900714934183,0.2602075977335072,0.11663350846847209
