mae,rmse,r2
0.2025241619072788,0.25019900512608545,0.18328199176148596
