mae,rmse,r2
0.19843471858046186,0.2478825766922805,0.19833489758477263
