mae,rmse,r2
0.2437526704332187,0.291072947876491,0.1667192300406457
