mae,rmse,r2
0.25627276755689327,0.298693252019812,0.1225174402004392
