mae,rmse,r2
0.24669373569418493,0.2919213990412655,0.1618542746230598
