mae,rmse,r2
0.2436552957376737,0.2898322345566895,0.17380789363486615
