mae,rmse,r2
0.3560652120649729,0.388118192519996,0.1788868848720203
