mae,rmse,r2
0.35418166276103746,0.3897478411946334,0.171976952700862
