mae,rmse,r2
0.3704859942939873,0.3989924231422214,0.1322306920063845
