mae,rmse,r2
0.37331936184834974,0.4029015840905659,0.11514331081141183
